iso_3166_1,name,movie_id
CN,China,663558
NZ,New Zealand,122917
US,United States of America,122917
US,United States of America,38
NG,Nigeria,1482791
GB,United Kingdom,1482791
HK,Hong Kong,98344
NL,Netherlands,98344
TW,Taiwan,98344
US,United States of America,98344
FR,France,1286185
US,United States of America,1286185
JP,Japan,761898
US,United States of America,1581099
JP,Japan,1490980
IT,Italy,65588
US,United States of America,696374
MX,Mexico,55
US,United States of America,58
GB,United Kingdom,62
US,United States of America,62
GB,United Kingdom,68
US,United States of America,68
CH,Switzerland,70
US,United States of America,70
US,United States of America,73
IT,Italy,90187
AT,Austria,76
US,United States of America,76
US,United States of America,77
US,United States of America,8270
US,United States of America,426063
US,United States of America,78
HK,Hong Kong,78
GB,United Kingdom,78
JP,Japan,81
US,United States of America,80
SE,Sweden,24657
FR,France,24657
GB,United Kingdom,24657
DE,Germany,8276
FR,France,8276
US,United States of America,85
US,United States of America,89
CL,Chile,1237082
US,United States of America,1237082
IT,Italy,41050
FR,France,41050
GB,United Kingdom,122906
US,United States of America,122906
US,United States of America,14
US,United States of America,22
US,United States of America,15
US,United States of America,12
PL,Poland,589915
JP,Japan,1433610
US,United States of America,93
US,United States of America,28
US,United States of America,254049
GB,United Kingdom,98
US,United States of America,98
FR,France,8290
GB,United Kingdom,8290
US,United States of America,1368166
US,United States of America,33
ES,Spain,99
FR,France,99
US,United States of America,103
FR,France,101
NL,Netherlands,1179684
US,United States of America,105
GB,United Kingdom,100
US,United States of America,100
US,United States of America,106
DE,Germany,19
FR,France,110
PL,Poland,110
CH,Switzerland,110
US,United States of America,335977
US,United States of America,770156
CA,Canada,335984
GB,United Kingdom,335984
US,United States of America,335984
GB,United Kingdom,107
US,United States of America,107
KR,South Korea,113
DE,Germany,113
SE,Sweden,950387
US,United States of America,950387
US,United States of America,117
GB,United Kingdom,115
US,United States of America,115
US,United States of America,111
GB,United Kingdom,118
US,United States of America,118
IT,Italy,73835
US,United States of America,1433719
NZ,New Zealand,120
US,United States of America,120
NZ,New Zealand,122
US,United States of America,122
NZ,New Zealand,121
US,United States of America,121
JP,Japan,483455
US,United States of America,950396
FR,France,41081
US,United States of America,843906
HK,Hong Kong,483462
US,United States of America,137
RS,Serbia,73861
JP,Japan,128
JP,Japan,129
US,United States of America,141
CA,Canada,142
US,United States of America,142
IT,Italy,450674
US,United States of America,136
FR,France,147
US,United States of America,123025
DE,Germany,144
FR,France,144
US,United States of America,143
US,United States of America,106646
GB,United Kingdom,155
US,United States of America,155
IT,Italy,41110
JP,Japan,149
DE,Germany,158
US,United States of America,1392796
US,United States of America,1376434
US,United States of America,164
US,United States of America,162
US,United States of America,165
US,United States of America,8358
CA,Canada,49332
HK,Hong Kong,49332
CN,China,458936
DE,Germany,286902
GB,United Kingdom,185
US,United States of America,185
FR,France,194
DE,Germany,194
JP,Japan,8392
US,United States of America,198
US,United States of America,197
US,United States of America,696506
GB,United Kingdom,696506
JP,Japan,671947
FR,France,204
IT,Italy,204
JP,Japan,671942
IT,Italy,205
ZA,South Africa,205
GB,United Kingdom,205
US,United States of America,205
US,United States of America,770254
US,United States of America,207
TW,Taiwan,106703
CN,China,1155281
FR,France,639185
DE,Germany,216
JP,Japan,794838
US,United States of America,213
GB,United Kingdom,218
US,United States of America,218
RU,Russia,524506
BR,Brazil,237791
US,United States of America,223
DE,Germany,8416
FR,France,8416
IT,Italy,8416
US,United States of America,212
FI,Finland,499930
SE,Sweden,499930
MX,Mexico,499930
US,United States of America,499930
GB,United Kingdom,499930
IT,Italy,499930
CZ,Czech Republic,590053
DE,Germany,234
FR,France,8422
IT,Italy,8422
JP,Japan,1057003
KR,South Korea,1016042
US,United States of America,235
US,United States of America,239
US,United States of America,240
US,United States of America,238
FR,France,41201
GB,United Kingdom,41201
US,United States of America,242
US,United States of America,278771
IT,Italy,139504
CH,Switzerland,139504
US,United States of America,247
NZ,New Zealand,254
US,United States of America,254
DE,Germany,254
JP,Japan,655614
US,United States of America,261
CN,China,573699
HK,Hong Kong,999689
US,United States of America,999689
US,United States of America,262
US,United States of America,991494
US,United States of America,274
MX,Mexico,1016075
US,United States of America,1016075
US,United States of America,98566
GB,United Kingdom,272
US,United States of America,272
GB,United Kingdom,275
US,United States of America,275
US,United States of America,278
US,United States of America,279
FR,France,280
US,United States of America,280
US,United States of America,284
US,United States of America,285
HK,Hong Kong,41244
JP,Japan,16672
US,United States of America,289
US,United States of America,288
AL,Albania,737572
XK,Kosovo,737572
US,United States of America,301
US,United States of America,303
IT,Italy,307
DK,Denmark,309
SE,Sweden,309
US,United States of America,322
US,United States of America,329
HK,Hong Kong,65867
US,United States of America,311
IT,Italy,311
PL,Poland,1081676
IT,Italy,335
US,United States of America,335
US,United States of America,334
JP,Japan,1311031
US,United States of America,934201
ES,Spain,336
IT,Italy,336
JP,Japan,98639
FR,France,393559
CH,Switzerland,393559
IT,Italy,311639
JP,Japan,346
GB,United Kingdom,345
US,United States of America,345
US,United States of America,348
GB,United Kingdom,348
US,United States of America,524635
FR,France,524635
LV,Latvia,524635
CH,Switzerland,524635
DK,Denmark,442720
SE,Sweden,442720
US,United States of America,350
IN,India,1450340
GB,United Kingdom,49521
US,United States of America,49521
FR,France,1294698
US,United States of America,975225
MX,Mexico,16761
US,United States of America,1106289
US,United States of America,156022
US,United States of America,380
GB,United Kingdom,1417598
DE,Germany,387
US,United States of America,1302916
US,United States of America,389
GB,United Kingdom,901511
US,United States of America,901511
US,United States of America,369032
US,United States of America,393
DE,Germany,391
IT,Italy,391
ES,Spain,391
US,United States of America,8587
US,United States of America,396
IT,Italy,405
US,United States of America,404
GB,United Kingdom,404
FR,France,404
FR,France,406
GB,United Kingdom,411
US,United States of America,411
US,United States of America,1139087
FR,France,82327
DE,Germany,82327
IT,Italy,422
FR,France,422
US,United States of America,424
IN,India,262561
JP,Japan,16804
CA,Canada,475557
US,United States of America,475557
FR,France,423
DE,Germany,423
PL,Poland,423
GB,United Kingdom,423
US,United States of America,425
US,United States of America,426
HK,Hong Kong,41387
US,United States of America,541099
IN,India,1032627
JP,Japan,672183
FR,France,439
IT,Italy,439
GB,United Kingdom,426426
US,United States of America,426426
US,United States of America,429
IT,Italy,429
ES,Spain,429
DE,Germany,429
US,United States of America,453
DE,Germany,1221061
AU,Australia,786892
US,United States of America,786892
HK,Hong Kong,1368535
TW,Taiwan,1368535
US,United States of America,360920
JP,Japan,25050
JP,Japan,16859
DE,Germany,16869
US,United States of America,16869
JP,Japan,123355
US,United States of America,25061
US,United States of America,1401318
FR,France,8681
US,United States of America,8681
ID,Indonesia,1507818
AR,Argentina,573933
US,United States of America,497
BE,Belgium,901563
FR,France,901563
NL,Netherlands,901563
SE,Sweden,490
FR,France,499
IT,Italy,499
IT,Italy,156135
ES,Spain,156135
US,United States of America,500
CA,Canada,737779
US,United States of America,737779
US,United States of America,489
US,United States of America,502
DE,Germany,1245685
CH,Switzerland,1245685
BR,Brazil,1401339
US,United States of America,510
GB,United Kingdom,509
US,United States of America,509
FR,France,508
GB,United Kingdom,508
US,United States of America,508
FR,France,393729
US,United States of America,614917
JP,Japan,508422
US,United States of America,521
IN,India,1228827
US,United States of America,1417742
US,United States of America,525
FR,France,1147411
GB,United Kingdom,531
IT,Italy,49687
FR,France,49687
US,United States of America,508439
US,United States of America,508442
US,United States of America,13
US,United States of America,11
US,United States of America,1196573
US,United States of America,539
FR,France,108
PL,Poland,108
CH,Switzerland,108
US,United States of America,24
JP,Japan,548
JP,Japan,221732
DK,Denmark,553
FI,Finland,553
FR,France,553
DE,Germany,553
NL,Netherlands,553
NO,Norway,553
SE,Sweden,553
GB,United Kingdom,553
IT,Italy,553
JP,Japan,33320
IT,Italy,1310830
FR,France,1310830
DE,Germany,550
US,United States of America,550
US,United States of America,557
US,United States of America,131631
US,United States of America,559
US,United States of America,562
NO,Norway,33340
FR,France,107065
DE,Germany,107065
IT,Italy,107065
US,United States of America,564
US,United States of America,567
JP,Japan,672322
US,United States of America,578
US,United States of America,74308
GB,United Kingdom,581
US,United States of America,581
FR,France,524
US,United States of America,524
GB,United Kingdom,583
DE,Germany,582
FR,France,582
FR,France,279112
ES,Spain,279112
IN,India,590403
US,United States of America,585
SU,Soviet Union,593
PL,Poland,8785
FR,France,344653
IR,Iran,344653
US,United States of America,587
US,United States of America,595
US,United States of America,596
US,United States of America,597
US,United States of America,599
BR,Brazil,598
FR,France,598
DE,Germany,598
GB,United Kingdom,600
US,United States of America,600
US,United States of America,601
US,United States of America,603
US,United States of America,860767
AT,Austria,613
DE,Germany,613
IT,Italy,613
SE,Sweden,614
NL,Netherlands,1327732
FR,France,25197
US,United States of America,616
US,United States of America,629
GB,United Kingdom,627
ID,Indonesia,262775
US,United States of America,1114743
US,United States of America,630
GB,United Kingdom,426618
US,United States of America,574074
US,United States of America,770684
IT,Italy,637
US,United States of America,631
US,United States of America,8831
JP,Japan,8831
CA,Canada,8831
IE,Ireland,1172097
GB,United Kingdom,1172097
IT,Italy,8832
FR,France,8832
US,United States of America,641
US,United States of America,640
GB,United Kingdom,549509
US,United States of America,549509
KR,South Korea,49797
US,United States of America,632
GB,United Kingdom,646
US,United States of America,606856
US,United States of America,650
US,United States of America,762509
US,United States of America,654
GB,United Kingdom,652
US,United States of America,652
DE,Germany,653
US,United States of America,1327760
HK,Hong Kong,213646
GB,United Kingdom,655
DE,Germany,655
FR,France,655
BR,Brazil,666
FR,France,666
MX,Mexico,369299
SU,Soviet Union,25237
US,United States of America,385687
GB,United Kingdom,492188
KR,South Korea,670
US,United States of America,665
FR,France,662
TR,Turkey,926363
GB,United Kingdom,671
US,United States of America,671
GB,United Kingdom,673
US,United States of America,673
GB,United Kingdom,674
US,United States of America,674
GB,United Kingdom,672
US,United States of America,672
DE,Germany,672
FR,France,25253
DE,Germany,25253
IT,Italy,25253
US,United States of America,33444
US,United States of America,678
US,United States of America,679
GB,United Kingdom,675
US,United States of America,675
US,United States of America,688
DE,Germany,8871
US,United States of America,8871
US,United States of America,680
US,United States of America,1516208
GB,United Kingdom,694
US,United States of America,694
DE,Germany,1106613
US,United States of America,696
US,United States of America,703
US,United States of America,705
IT,Italy,926393
US,United States of America,926393
US,United States of America,1327819
IS,Iceland,1254091
AR,Argentina,1262299
US,United States of America,8915
GB,United Kingdom,180955
US,United States of America,702
SK,Slovakia,1549037
CZ,Czech Republic,1549037
US,United States of America,745
IN,India,66245
GB,United Kingdom,74471
DE,Germany,752
GB,United Kingdom,752
US,United States of America,752
ES,Spain,615120
HK,Hong Kong,107248
TH,Thailand,197360
US,United States of America,1327862
DE,Germany,1327862
FR,France,1254135
BE,Belgium,1254135
GB,United Kingdom,762
US,United States of America,303867
GB,United Kingdom,767
US,United States of America,767
US,United States of America,769
US,United States of America,770
US,United States of America,82690
US,United States of America,773
US,United States of America,271110
ES,Spain,500487
US,United States of America,672521
FR,France,775
FR,France,780
FR,France,777
FR,France,74513
US,United States of America,82702
SE,Sweden,58129
CH,Switzerland,787
US,United States of America,787
US,United States of America,788
US,United States of America,17174
GB,United Kingdom,656150
US,United States of America,205596
GB,United Kingdom,205596
US,United States of America,782
SE,Sweden,797
JP,Japan,1098523
MX,Mexico,800
AR,Argentina,25376
ES,Spain,25376
GB,United Kingdom,792
US,United States of America,792
US,United States of America,804
CA,Canada,893723
FR,France,893723
US,United States of America,893723
US,United States of America,805
US,United States of America,25364
FR,France,1098534
US,United States of America,1098534
US,United States of America,807
US,United States of America,808
US,United States of America,809
US,United States of America,779047
US,United States of America,810
US,United States of America,812
IR,Iran,49964
GB,United Kingdom,826
FR,France,827
PH,Philippines,623397
US,United States of America,821
FR,France,475957
GR,Greece,475957
HK,Hong Kong,181051
CN,China,1319741
JP,Japan,1319741
KR,South Korea,1319741
TW,Taiwan,1319741
US,United States of America,9023
DE,Germany,832
US,United States of America,829
IT,Italy,833
US,United States of America,33602
IT,Italy,49992
FI,Finland,680770
FR,France,680770
MY,Malaysia,680770
PL,Poland,680770
HK,Hong Kong,843
FR,France,843
JP,Japan,1033051
CN,China,344921
GB,United Kingdom,851
US,United States of America,854
US,United States of America,845
IT,Italy,58204
NO,Norway,377690
SE,Sweden,377690
US,United States of America,862
US,United States of America,863
US,United States of America,857
FR,France,1246049
US,United States of America,50014
JP,Japan,820067
US,United States of America,872
US,United States of America,50023
FR,France,18
US,United States of America,871
US,United States of America,873
US,United States of America,1516391
US,United States of America,9072
BE,Belgium,803700
FR,France,803700
IT,Italy,803700
GB,United Kingdom,803700
HK,Hong Kong,1147772
SU,Soviet Union,895
US,United States of America,891
US,United States of America,887
IN,India,525184
IN,India,344956
US,United States of America,901
US,United States of America,903
PT,Portugal,253959
HK,Hong Kong,172937
IT,Italy,17295
DZ,Algeria,17295
HK,Hong Kong,991262
CN,China,991262
BR,Brazil,1270676
US,United States of America,914
JP,Japan,1090455
IE,Ireland,369557
GB,United Kingdom,369557
US,United States of America,369557
NO,Norway,623511
US,United States of America,920
US,United States of America,925
GB,United Kingdom,935
US,United States of America,935
TR,Turkey,336804
FR,France,336804
DE,Germany,336804
FR,France,934
DE,Germany,938
IT,Italy,938
ES,Spain,938
AR,Argentina,336808
CO,Colombia,336808
VE,Venezuela,336808
US,United States of America,946
DE,Germany,132019
IT,Italy,132019
GB,United Kingdom,947
US,United States of America,1401778
GB,United Kingdom,1401778
US,United States of America,949
FR,France,336806
PL,Poland,336806
SE,Sweden,336806
FR,France,738231
US,United States of America,1549234
CA,Canada,435129
IE,Ireland,435129
LU,Luxembourg,435129
US,United States of America,435129
US,United States of America,1033148
US,United States of America,927
GB,United Kingdom,467905
FR,France,467905
US,United States of America,639933
US,United States of America,962
US,United States of America,961
US,United States of America,968
US,United States of America,963
US,United States of America,263115
US,United States of America,926670
JP,Japan,25538
TW,Taiwan,25538
US,United States of America,803796
CN,China,795607
JP,Japan,1393621
US,United States of America,980
US,United States of America,1319895
IN,India,1147867
US,United States of America,990
US,United States of America,975
US,United States of America,992
GB,United Kingdom,993
US,United States of America,995
US,United States of America,996
GB,United Kingdom,1287141
IE,Ireland,1287141
NL,Netherlands,1287141
US,United States of America,1278950
US,United States of America,541671
US,United States of America,1049574
FR,France,418801
ES,Spain,418801
CH,Switzerland,418801
KR,South Korea,639988
FR,France,639988
CN,China,1385468
IT,Italy,25606
GB,United Kingdom,508933
US,United States of America,1278983
JP,Japan,582665
US,United States of America,402431
JP,Japan,533514
FR,France,1018
US,United States of America,1018
US,United States of America,574475
FR,France,1040
IT,Italy,1040
US,United States of America,508943
US,United States of America,533533
CN,China,615453
JP,Japan,1059
US,United States of America,533535
EE,Estonia,238628
GE,Georgia,238628
GB,United Kingdom,386086
FR,France,427048
YU,Yugoslavia,402471
FR,France,1000492
US,United States of America,713776
ES,Spain,508965
US,United States of America,9277
DK,Denmark,1295400
SE,Sweden,1295400
US,United States of America,1091
GB,United Kingdom,1092
BR,Brazil,279613
BE,Belgium,1197125
FR,France,1197125
FR,France,1075
DE,Germany,1075
CS,Serbia and Montenegro,1075
HK,Hong Kong,173129
TW,Taiwan,173129
US,United States of America,17483
US,United States of America,615457
HK,Hong Kong,173133
US,United States of America,1197137
BE,Belgium,214093
FR,France,214093
CH,Switzerland,214093
JP,Japan,238675
CA,Canada,1229910
GB,United Kingdom,1229910
FR,France,1221719
EG,Egypt,1041496
US,United States of America,1229915
GB,United Kingdom,1124
US,United States of America,1124
IT,Italy,50268
ID,Indonesia,1483874
DE,Germany,656483
NL,Netherlands,631909
KR,South Korea,1139817
JP,Japan,9323
GB,United Kingdom,9323
JP,Japan,885886
DE,Germany,9343
PE,Peru,9343
ES,Spain,631939
US,United States of America,631939
JP,Japan,476292
US,United States of America,140420
GB,United Kingdom,762975
US,United States of America,762975
US,United States of America,1162
US,United States of America,1156243
ES,Spain,173197
FR,France,173197
MX,Mexico,173197
TH,Thailand,894086
CH,Switzerland,951446
GB,United Kingdom,951446
US,United States of America,951446
HU,Hungary,74903
JP,Japan,959646
US,United States of America,9374
US,United States of America,50337
US,United States of America,296096
KR,South Korea,435366
JP,Japan,648365
BR,Brazil,656563
IN,India,1270922
KR,South Korea,672955
US,United States of America,664767
JP,Japan,631997
US,United States of America,9387
JP,Japan,812225
FR,France,9421
PH,Philippines,1549517
GB,United Kingdom,378092
US,United States of America,369892
CN,China,1033457
ID,Indonesia,1508591
IT,Italy,42229
CA,Canada,42229
CN,China,1033462
US,United States of America,869626
KR,South Korea,1280
JP,Japan,1280
JP,Japan,378108
SU,Soviet Union,689409
BE,Belgium,17658
FR,France,17658
HK,Hong Kong,17658
IT,Italy,17658
JP,Japan,378064
XC,Czechoslovakia,189700
US,United States of America,9475
US,United States of America,615665
US,United States of America,9479
US,United States of America,967941
US,United States of America,1139978
IN,India,861451
US,United States of America,1205515
FR,France,1205515
ES,Spain,1205515
MX,Mexico,582927
US,United States of America,582927
FR,France,1107216
US,United States of America,1107216
NL,Netherlands,42258
US,United States of America,1328402
US,United States of America,361743
FR,France,1107215
CA,Canada,1107215
US,United States of America,1107215
BR,Brazil,1271064
GB,United Kingdom,181533
US,United States of America,181533
DK,Denmark,238889
IL,Israel,1426729
IT,Italy,42269
US,United States of America,787747
HK,Hong Kong,116005
BR,Brazil,1131822
US,United States of America,140605
CO,Colombia,296252
BR,Brazil,296252
JP,Japan,1197373
US,United States of America,550205
CN,China,550205
US,United States of America,705861
ES,Spain,763215
US,United States of America,763215
US,United States of America,9552
GB,United Kingdom,1049942
US,United States of America,1426776
IT,Italy,640344
US,United States of America,1366
IT,Italy,50531
BE,Belgium,476511
CL,Chile,476511
CH,Switzerland,476511
JP,Japan,460105
IT,Italy,1394
SU,Soviet Union,1394
US,United States of America,558449
SU,Soviet Union,1396
SU,Soviet Union,1398
RO,Romania,1320276
RS,Serbia,1320276
FR,France,451945
JP,Japan,1459584
US,United States of America,1402
MX,Mexico,1417
ES,Spain,1417
US,United States of America,1417
BR,Brazil,1000837
FR,France,1000837
FR,France,1421
HK,Hong Kong,1422
US,United States of America,1422
FR,France,320914
FR,France,1254808
US,United States of America,1254808
US,United States of America,9637
AU,Australia,17835
GB,United Kingdom,17835
FR,France,66966
IT,Italy,66966
KR,South Korea,271793
IT,Italy,1312157
KR,South Korea,1181107
US,United States of America,1181107
KR,South Korea,271791
JP,Japan,1050035
GB,United Kingdom,583083
CN,China,26022
IN,India,26022
AE,United Arab Emirates,26022
US,United States of America,26022
US,United States of America,50619
US,United States of America,50620
CA,Canada,1033671
GB,United Kingdom,1033671
AU,Australia,9671
US,United States of America,1480
ES,Spain,411088
GB,United Kingdom,1435092
DE,Germany,1495
ES,Spain,1495
GB,United Kingdom,1495
US,United States of America,1495
US,United States of America,214493
NO,Norway,75227
US,United States of America,9702
US,United States of America,50646
GB,United Kingdom,9693
US,United States of America,9693
FR,France,1025527
US,United States of America,9714
ES,Spain,1156594
US,United States of America,1156594
US,United States of America,573435
US,United States of America,337404
JP,Japan,378371
CN,China,632322
US,United States of America,632322
IN,India,656908
GB,United Kingdom,656908
TR,Turkey,271890
TR,Turkey,67077
FR,France,804370
US,United States of America,804370
ES,Spain,1426968
MX,Mexico,1426968
DE,Germany,9753
LU,Luxembourg,9753
GB,United Kingdom,9753
TR,Turkey,386591
US,United States of America,99861
GB,United Kingdom,927254
US,United States of America,927254
US,United States of America,1580
US,United States of America,812583
JP,Japan,591397
JP,Japan,9764
SU,Soviet Union,9764
US,United States of America,1578
JP,Japan,214553
US,United States of America,1585
KR,South Korea,1001010
FR,France,1001010
US,United States of America,1587
US,United States of America,1566269
US,United States of America,1592
US,United States of America,1607
US,United States of America,9800
JP,Japan,50759
MK,Macedonia,1517130
US,United States of America,1517130
GB,United Kingdom,26198
US,United States of America,26198
US,United States of America,83533
FR,France,1626
CA,Canada,1369679
DE,Germany,296526
US,United States of America,1633
US,United States of America,1632
US,United States of America,9806
US,United States of America,419430
SG,Singapore,1287782
US,United States of America,83564
DE,Germany,1646
US,United States of America,1646
US,United States of America,886396
JP,Japan,460399
US,United States of America,9820
JP,Japan,345731
US,United States of America,67203
BG,Bulgaria,67203
NO,Norway,1173147
JP,Japan,1678
TW,Taiwan,1468057
US,United States of America,419478
AR,Argentina,18079
GB,United Kingdom,157336
US,United States of America,157336
PH,Philippines,1328803
US,United States of America,1328803
FR,France,1675
IT,Italy,1675
US,United States of America,1700
HR,Croatia,878246
FR,France,50848
FR,France,247464
PT,Portugal,247464
US,United States of America,648878
FI,Finland,648878
DE,Germany,9902
US,United States of America,9902
DE,Germany,1214130
FR,France,1214130
LU,Luxembourg,1214130
IN,India,1214130
US,United States of America,1214130
GB,United Kingdom,1214130
US,United States of America,1712
JP,Japan,1214140
SG,Singapore,1214140
DE,Germany,1214140
GB,United Kingdom,1214140
US,United States of America,1214140
FR,France,517814
LB,Lebanon,517814
GB,United Kingdom,517814
US,United States of America,517814
CN,China,75463
HK,Hong Kong,75463
US,United States of America,1726
US,United States of America,1734
MA,Morocco,1734
JO,Jordan,1734
GB,United Kingdom,1734
NZ,New Zealand,9912
CH,Switzerland,9912
JP,Japan,9912
US,United States of America,9912
KR,South Korea,255709
HK,Hong Kong,34526
FR,France,59102
IT,Italy,59102
JP,Japan,18148
US,United States of America,83666
TH,Thailand,1271549
US,United States of America,1206008
US,United States of America,9982
FR,France,1791
AT,Austria,1791
KR,South Korea,296711
GB,United Kingdom,1140498
US,United States of America,1140498
GB,United Kingdom,313106
FR,France,198427
AR,Argentina,198427
BR,Brazil,198427
US,United States of America,50958
US,United States of America,10015
US,United States of America,575265
FR,France,853791
US,United States of America,434206
CN,China,1025825
US,United States of America,10020
IT,Italy,182067
ES,Spain,182067
US,United States of America,1140535
JP,Japan,632632
JP,Japan,534326
US,United States of America,1337100
IN,India,534333
DK,Denmark,16
FI,Finland,16
FR,France,16
DE,Germany,16
IS,Iceland,16
NL,Netherlands,16
NO,Norway,16
SE,Sweden,16
US,United States of America,18240
GB,United Kingdom,1865
US,United States of America,1865
FR,France,1001248
PH,Philippines,354141
AT,Austria,1525598
CH,Switzerland,1525598
UA,Ukraine,1509216
US,United States of America,1891
IT,Italy,26451
US,United States of America,1892
CN,China,165737
FR,France,927594
JP,Japan,927594
RU,Russia,477036
FR,France,477036
GB,United Kingdom,477036
LV,Latvia,477036
CN,China,1304434
US,United States of America,10098
US,United States of America,1904
US,United States of America,1908
CA,Canada,550776
HK,Hong Kong,173947
CA,Canada,10107
US,United States of America,10107
CA,Canada,1288072
US,United States of America,1288072
MX,Mexico,1058694
US,United States of America,1058694
CH,Switzerland,288646
CZ,Czech Republic,567181
SK,Slovakia,567181
ES,Spain,1933
US,United States of America,1933
FR,France,1933
US,United States of America,1930
FR,France,51090
BE,Belgium,51090
RU,Russia,1533843
US,United States of America,1058678
US,United States of America,116643
HK,Hong Kong,354214
US,United States of America,1955
US,United States of America,92060
US,United States of America,1939
BR,Brazil,329639
HK,Hong Kong,313230
NL,Netherlands,313230
TW,Taiwan,313230
US,United States of America,313230
GB,United Kingdom,1050542
KR,South Korea,518068
HK,Hong Kong,174018
US,United States of America,239563
US,United States of America,10192
IN,India,624582
US,United States of America,10191
US,United States of America,313297
US,United States of America,10193
US,United States of America,10195
US,United States of America,845781
JP,Japan,296917
JP,Japan,829402
US,United States of America,829402
FR,France,2011
US,United States of America,2011
US,United States of America,870360
US,United States of America,1992
US,United States of America,10186
US,United States of America,10138
AR,Argentina,739291
UY,Uruguay,739291
BR,Brazil,575452
FR,France,575452
DE,Germany,575452
IT,Italy,575452
US,United States of America,1009640
CA,Canada,1009640
IN,India,559082
US,United States of America,2034
FR,France,10227
IT,Italy,10227
US,United States of America,10229
FR,France,51193
JP,Japan,1124341
FR,France,329724
DE,Germany,976893
JP,Japan,976893
SE,Sweden,10238
US,United States of America,10242
KR,South Korea,18438
FR,France,2065
SE,Sweden,1214484
CN,China,878608
FR,France,878608
US,United States of America,198663
GB,United Kingdom,198663
HK,Hong Kong,141337
US,United States of America,313369
US,United States of America,2062
DO,Dominican Republic,133153
PR,Puerto Rico,133153
BE,Belgium,927774
FR,France,927774
GR,Greece,927774
US,United States of America,1083420
KR,South Korea,1452077
US,United States of America,34851
AU,Australia,337960
JP,Japan,239667
US,United States of America,26675
US,United States of America,100402
US,United States of America,2105
US,United States of America,59440
US,United States of America,2108
JP,Japan,18491
IN,India,1009723
US,United States of America,911430
GB,United Kingdom,567355
US,United States of America,2118
RU,Russia,1419300
ES,Spain,575562
MX,Mexico,575562
DE,Germany,436305
US,United States of America,436305
IE,Ireland,436305
GB,United Kingdom,436305
US,United States of America,321612
US,United States of America,550988
US,United States of America,10331
DE,Germany,567410
PL,Poland,829557
US,United States of America,10315
JP,Japan,34935
BR,Brazil,755812
CA,Canada,755812
FR,France,755812
KR,South Korea,755812
US,United States of America,755812
IT,Italy,10376
ZA,South Africa,698508
US,United States of America,698508
AR,Argentina,714888
GB,United Kingdom,714888
AR,Argentina,1566842
CN,China,1419406
US,United States of America,329865
NL,Netherlands,501902
US,United States of America,1296504
US,United States of America,1452176
HK,Hong Kong,43152
JP,Japan,43152
FR,France,665753
US,United States of America,10386
DE,Germany,2204
CN,China,305312
JP,Japan,92321
CN,China,10404
HK,Hong Kong,10404
TW,Taiwan,10404
US,United States of America,936108
BE,Belgium,936108
IT,Italy,1026227
HK,Hong Kong,501929
US,United States of America,501929
TW,Taiwan,1321139
US,United States of America,755898
US,United States of America,92323
GB,United Kingdom,125123
TW,Taiwan,10451
US,United States of America,10451
PH,Philippines,1509573
IT,Italy,346302
TR,Turkey,1124566
NO,Norway,1124566
FR,France,1124566
DK,Denmark,1124566
SE,Sweden,1124566
DE,Germany,1124566
GB,United Kingdom,1124566
US,United States of America,2251
CH,Switzerland,2251
DE,Germany,2251
SE,Sweden,100586
CA,Canada,362736
US,United States of America,1239288
FR,France,1239288
IT,Italy,1239288
IN,India,534780
US,United States of America,346364
JP,Japan,10494
ID,Indonesia,1509633
MY,Malaysia,1509633
BR,Brazil,215301
US,United States of America,1124619
CY,Cyprus,1124619
IN,India,297222
TH,Thailand,977163
HK,Hong Kong,1526030
JP,Japan,1526030
JP,Japan,1501453
FR,France,977168
GB,United Kingdom,977168
CA,Canada,1124620
US,United States of America,1124620
US,United States of America,2322
FR,France,944401
US,United States of America,944401
CA,Canada,26901
DE,Germany,26901
US,United States of America,502033
US,United States of America,1280282
JP,Japan,10515
JP,Japan,51482
GB,United Kingdom,231700
FR,France,600354
GB,United Kingdom,600354
US,United States of America,624932
ES,Spain,370978
CZ,Czech Republic,633132
GB,United Kingdom,379170
US,United States of America,1034541
CO,Colombia,1517874
BR,Brazil,1517874
NO,Norway,1517874
MX,Mexico,1517874
US,United States of America,698687
US,United States of America,1116490
US,United States of America,1386827
GB,United Kingdom,1386827
CO,Colombia,1386827
CN,China,51533
HK,Hong Kong,51533
DO,Dominican Republic,1198426
CN,China,1116465
HK,Hong Kong,1116465
CN,China,575813
HK,Hong Kong,575813
GB,United Kingdom,575813
US,United States of America,1255775
US,United States of America,18785
US,United States of America,493922
GB,United Kingdom,493922
DE,Germany,1272166
GB,United Kingdom,1272166
DE,Germany,526702
CH,Switzerland,526702
US,United States of America,526702
FR,France,1108336
NO,Norway,1427833
JP,Japan,526717
KR,South Korea,2440
FR,France,289153
GR,Greece,1567113
CY,Cyprus,1567113
US,United States of America,10633
JP,Japan,149870
US,United States of America,10637
US,United States of America,1362315
FR,France,2433
US,United States of America,977294
GB,United Kingdom,977294
JP,Japan,149871
US,United States of America,10625
FR,France,2457
JP,Japan,879008
KR,South Korea,1575329
US,United States of America,993708
GB,United Kingdom,76203
US,United States of America,76203
US,United States of America,10674
KR,South Korea,51608
PT,Portugal,420282
BA,Bosnia and Herzegovina,420282
US,United States of America,2493
US,United States of America,10681
US,United States of America,1460669
IN,India,1460669
JP,Japan,27064
US,United States of America,27064
US,United States of America,1411520
IT,Italy,1370559
KR,South Korea,133573
CA,Canada,264644
IE,Ireland,264644
GB,United Kingdom,264644
US,United States of America,264644
GB,United Kingdom,1280450
US,United States of America,1280450
JP,Japan,1395140
FI,Finland,379335
JP,Japan,559566
GB,United Kingdom,428493
US,United States of America,1526215
US,United States of America,1214931
HU,Hungary,1214931
IT,Italy,68056
JP,Japan,2517
US,United States of America,1108427
JP,Japan,592350
US,United States of America,412117
PT,Portugal,1042910
FR,France,1042910
ES,Spain,1042910
AT,Austria,1042910
IT,Italy,59873
HK,Hong Kong,764377
JP,Japan,412120
CZ,Czech Republic,18919
FR,France,18919
GB,United Kingdom,18919
DE,Germany,10728
HK,Hong Kong,10775
GR,Greece,453096
GB,United Kingdom,313867
HK,Hong Kong,371193
DK,Denmark,1395177
US,United States of America,10774
JP,Japan,1018376
FR,France,51739
JP,Japan,51739
US,United States of America,51739
KR,South Korea,805413
US,United States of America,1305073
CA,Canada,395817
US,United States of America,395817
FR,France,2574
PL,Poland,10754
CN,China,412190
IN,India,10757
GB,United Kingdom,10757
CA,Canada,59940
US,United States of America,166428
JP,Japan,1231390
GB,United Kingdom,698948
US,United States of America,698948
US,United States of America,354857
DE,Germany,1509871
TR,Turkey,1509871
BE,Belgium,453191
FR,France,453191
JP,Japan,109080
JP,Japan,158249
KR,South Korea,297558
IE,Ireland,1509944
FR,France,838240
ES,Spain,838240
US,United States of America,264760
IN,India,166460
US,United States of America,2649
JP,Japan,445030
GB,United Kingdom,1149504
US,United States of America,1149504
MX,Mexico,51822
AU,Australia,76341
US,United States of America,76341
GB,United Kingdom,27205
US,United States of America,27205
GB,United Kingdom,346698
US,United States of America,346698
AR,Argentina,1190469
GB,United Kingdom,19059
US,United States of America,354912
BE,Belgium,19026
FR,France,19026
IT,Italy,19026
ES,Spain,19026
US,United States of America,526896
US,United States of America,10885
DZ,Algeria,2721
FR,France,2721
US,United States of America,617126
GB,United Kingdom,1436359
JP,Japan,76436
MX,Mexico,1002185
US,United States of America,1002185
IN,India,297674
IL,Israel,1149614
FR,France,1149614
CY,Cyprus,1149614
DE,Germany,1149614
FR,France,1002158
US,United States of America,1370814
AE,United Arab Emirates,1370814
US,United States of America,666277
KR,South Korea,666277
FR,France,2767
EG,Egypt,412387
US,United States of America,2756
IR,Iran,1165964
CN,China,723640
KR,South Korea,158445
ID,Indonesia,1403612
US,United States of America,183011
CN,China,10997
HK,Hong Kong,10997
US,United States of America,436969
MX,Mexico,215782
FI,Finland,314062
DE,Germany,314062
FI,Finland,1411805
DE,Germany,1411805
NO,Norway,1411805
KR,South Korea,387824
GB,United Kingdom,314095
US,United States of America,314095
JP,Japan,166639
US,United States of America,142061
FR,France,10995
GB,United Kingdom,10995
VN,Vietnam,10995
PH,Philippines,183026
BE,Belgium,11010
FR,France,11010
IT,Italy,11010
JP,Japan,125710
BR,Brazil,1174260
PT,Portugal,1174260
FI,Finland,412433
US,United States of America,11005
DE,Germany,125693
EG,Egypt,1190648
US,United States of America,11036
CN,China,1026821
US,United States of America,568124
US,United States of America,1043197
CA,Canada,1043197
HU,Hungary,1043197
DK,Denmark,650031
US,United States of America,961323
BE,Belgium,944931
FR,France,944931
DE,Germany,944931
HU,Hungary,944931
ES,Spain,944931
GB,United Kingdom,1354518
US,United States of America,1354518
SE,Sweden,133919
FR,France,11049
JP,Japan,11049
US,United States of America,297762
US,United States of America,1084242
CA,Canada,1084242
US,United States of America,76600
KR,South Korea,658228
US,United States of America,297802
TH,Thailand,1084222
US,United States of America,1084222
DK,Denmark,1051486
SE,Sweden,1051486
FR,France,60243
IR,Iran,60243
HK,Hong Kong,11104
TR,Turkey,920394
JP,Japan,568160
IN,India,1403735
US,United States of America,822119
GB,United Kingdom,207703
US,United States of America,207703
KR,South Korea,437068
CA,Canada,994138
FR,France,1166170
US,United States of America,174964
US,United States of America,1125257
JP,Japan,379769
DE,Germany,27522
FR,France,1174382
IN,India,117655
US,United States of America,273248
GB,United Kingdom,404378
US,United States of America,404378
LU,Luxembourg,404378
CN,China,576393
TW,Taiwan,576393
US,United States of America,109445
KR,South Korea,1379218
US,United States of America,43949
TH,Thailand,1026961
US,United States of America,84892
US,United States of America,11171
NL,Netherlands,11171
ES,Spain,1010581
US,United States of America,142254
FI,Finland,1223601
GB,United Kingdom,1223601
NZ,New Zealand,371645
GB,United Kingdom,371645
US,United States of America,1264573
IT,Italy,1264573
JP,Japan,1379266
GB,United Kingdom,1027014
US,United States of America,1027014
JP,Japan,617402
US,United States of America,986056
US,United States of America,420809
HK,Hong Kong,11220
IN,India,19404
US,United States of America,76757
AU,Australia,76757
US,United States of America,216015
US,United States of America,986097
FR,France,11216
IT,Italy,11216
US,United States of America,3034
DE,Germany,1248217
LT,Lithuania,543694
JP,Japan,453608
US,United States of America,1461230
CA,Canada,265177
JP,Japan,1543138
AR,Argentina,265195
ES,Spain,265195
FR,France,265195
GB,United Kingdom,265195
AR,Argentina,609242
US,United States of America,609242
US,United States of America,3083
HK,Hong Kong,19464
US,United States of America,1248226
CA,Canada,1248226
US,United States of America,150540
IT,Italy,19426
FR,France,19426
TH,Thailand,928769
US,United States of America,314365
US,United States of America,1559572
JP,Japan,52242
JP,Japan,994315
CA,Canada,797716
GB,United Kingdom,797716
US,United States of America,797716
US,United States of America,338969
US,United States of America,3078
US,United States of America,1035259
US,United States of America,3082
US,United States of America,470044
CA,Canada,68610
JP,Japan,11299
JP,Japan,175168
US,United States of America,568332
IT,Italy,27670
US,United States of America,11324
HK,Hong Kong,1035302
JP,Japan,1395724
US,United States of America,3090
GB,United Kingdom,1010755
US,United States of America,1010755
US,United States of America,11293
GB,United Kingdom,19542
US,United States of America,3114
US,United States of America,1379413
GB,United Kingdom,1010756
US,United States of America,1010756
US,United States of America,3112
CN,China,797787
HK,Hong Kong,797787
TW,Taiwan,797787
US,United States of America,797787
US,United States of America,527435
IN,India,1109086
CL,Chile,896096
FR,France,896096
ES,Spain,896096
BE,Belgium,896096
DE,Germany,896096
IE,Ireland,11362
US,United States of America,11362
HU,Hungary,158795
FR,France,27720
GB,United Kingdom,27720
CA,Canada,1305717
XC,Czechoslovakia,814180
XC,Czechoslovakia,461908
GB,United Kingdom,3175
US,United States of America,3175
IT,Italy,207975
CA,Canada,1051787
US,United States of America,1567893
BR,Brazil,52345
US,United States of America,183412
EG,Egypt,617620
US,United States of America,1363123
US,United States of America,68718
GB,United Kingdom,150689
US,United States of America,150689
IT,Italy,11441
US,United States of America,158852
US,United States of America,863401
CN,China,68737
CA,Canada,68737
US,United States of America,68737
GB,United Kingdom,68737
US,United States of America,715931
DE,Germany,1305725
IN,India,920708
US,United States of America,44214
JP,Japan,986282
BR,Brazil,429210
CA,Canada,1100998
ES,Spain,1100998
KR,South Korea,11423
KR,South Korea,486589
US,United States of America,11474
FR,France,1027269
JP,Japan,1027269
KG,Kyrgyz Republic,1027269
NL,Netherlands,1027269
SG,Singapore,1027269
IN,India,19663
US,United States of America,11469
PH,Philippines,1576166
FR,France,978102
DE,Germany,978102
US,United States of America,44264
ID,Indonesia,462051
MY,Malaysia,462051
GB,United Kingdom,1100988
US,United States of America,1100988
HK,Hong Kong,298222
US,United States of America,11456
US,United States of America,3309
HK,Hong Kong,748783
GB,United Kingdom,748783
US,United States of America,748783
US,United States of America,978161
JP,Japan,1019140
AM,Armenia,1314057
FR,France,1314057
DE,Germany,1314057
LV,Latvia,1314057
RS,Serbia,1314057
US,United States of America,1314057
GB,United Kingdom,1215798
US,United States of America,1330421
KR,South Korea,396535
SE,Sweden,937278
US,United States of America,937278
US,United States of America,1010966
DE,Germany,52475
CA,Canada,535809
IT,Italy,748881
US,United States of America,756999
JP,Japan,101664
JP,Japan,27938
IE,Ireland,1043758
US,United States of America,1314129
US,United States of America,1363282
SE,Sweden,11602
US,United States of America,527641
KR,South Korea,290098
IT,Italy,1109306
KR,South Korea,1232221
GR,Greece,642322
CN,China,257344
FR,France,257344
IN,India,257344
US,United States of America,257344
IN,India,494950
FR,France,1084736
BE,Belgium,1084736
JP,Japan,11621
JP,Japan,1142109
SE,Sweden,11656
ID,Indonesia,1355140
JP,Japan,372058
JP,Japan,1445276
US,United States of America,1518945
NL,Netherlands,1518945
BE,Belgium,126319
FR,France,126319
LU,Luxembourg,126319
IT,Italy,11659
JP,Japan,11645
FR,France,11645
US,United States of America,167282
US,United States of America,1142101
US,United States of America,85430
PL,Poland,69006
JP,Japan,290234
MX,Mexico,52629
US,United States of America,1117644
KR,South Korea,11658
US,United States of America,11658
DE,Germany,3524
SG,Singapore,257499
US,United States of America,527774
FR,France,568734
US,United States of America,11697
US,United States of America,1265063
IT,Italy,1265063
JP,Japan,11712
US,United States of America,77250
JP,Japan,257475
CN,China,830938
GB,United Kingdom,28162
US,United States of America,11688
JP,Japan,1404404
JP,Japan,1158630
KR,South Korea,1158630
US,United States of America,1158630
JP,Japan,1437156
JP,Japan,519654
US,United States of America,11787
DE,Germany,265732
CA,Canada,724495
US,United States of America,724495
TH,Thailand,1052160
GB,United Kingdom,11778
US,United States of America,11778
JP,Japan,1060355
US,United States of America,347688
JP,Japan,503314
BE,Belgium,364051
FR,France,364051
PL,Poland,364051
ES,Spain,1297953
GB,United Kingdom,28178
US,United States of America,28178
JP,Japan,675353
US,United States of America,675353
US,United States of America,413219
JP,Japan,1011220
FR,France,77338
US,United States of America,19995
GB,United Kingdom,19995
TR,Turkey,622699
JP,Japan,11830
JP,Japan,413222
JP,Japan,716318
AU,Australia,1257009
BE,Belgium,1232449
NL,Netherlands,1232449
CA,Canada,110160
FR,France,110160
TH,Thailand,1445434
IN,India,331330
US,United States of America,749170
GB,United Kingdom,749170
US,United States of America,429617
US,United States of America,118340
NL,Netherlands,970308
US,United States of America,552532
BE,Belgium,740937
FR,France,740937
US,United States of America,552524
MX,Mexico,667257
IN,India,978489
US,United States of America,298618
YU,Yugoslavia,11902
CZ,Czech Republic,11902
FR,France,11902
DE,Germany,11902
HU,Hungary,11902
CS,Serbia and Montenegro,11902
JP,Japan,28276
IT,Italy,20068
JP,Japan,11878
PH,Philippines,1470086
ZA,South Africa,306807
US,United States of America,634528
US,United States of America,1101401
GB,United Kingdom,11898
US,United States of America,626332
CN,China,945801
GB,United Kingdom,1175174
US,United States of America,1232546
ES,Spain,77451
JP,Japan,11953
US,United States of America,11953
PH,Philippines,183955
CL,Chile,1371765
HK,Hong Kong,315031
US,United States of America,1101489
JP,Japan,3763
IT,Italy,20123
GB,United Kingdom,20123
YU,Yugoslavia,20123
BR,Brazil,1404541
JP,Japan,3780
US,United States of America,1117857
JP,Japan,782007
IT,Italy,20126
US,United States of America,20139
DE,Germany,167581
JP,Japan,3777
BR,Brazil,962232
JP,Japan,3782
CA,Canada,85669
RO,Romania,118487
FR,France,1134278
US,United States of America,216791
FR,France,1289888
GB,United Kingdom,36557
US,United States of America,36557
US,United States of America,323272
US,United States of America,331482
US,United States of America,569094
FR,France,1191666
CA,Canada,249616
FI,Finland,1273554
US,United States of America,1158915
BE,Belgium,937746
FR,France,937746
IT,Italy,937746
BR,Brazil,446159
FR,France,446159
US,United States of America,1126166
US,United States of America,1011477
US,United States of America,593643
JP,Japan,28422
PH,Philippines,290562
US,United States of America,315162
IT,Italy,20271
FR,France,3870
DE,Germany,3870
IT,Italy,3870
TH,Thailand,937753
US,United States of America,634649
US,United States of America,1306400
GB,United Kingdom,1306400
JP,Japan,438058
JP,Japan,1503040
ES,Spain,585511
US,United States of America,585511
JP,Japan,110420
US,United States of America,36648
US,United States of America,651085
GB,United Kingdom,995133
US,United States of America,995133
GB,United Kingdom,12104
IE,Ireland,110416
LU,Luxembourg,110416
BE,Belgium,110416
DK,Denmark,110416
JP,Japan,405340
JP,Japan,610150
FR,France,1429348
BE,Belgium,1429348
MA,Morocco,1429348
CN,China,1421153
KR,South Korea,94047
US,United States of America,618344
GB,United Kingdom,3933
US,United States of America,3933
US,United States of America,12133
HK,Hong Kong,1027944
FI,Finland,798580
JP,Japan,667520
US,United States of America,12153
US,United States of America,20334
KR,South Korea,1355666
MX,Mexico,1134463
US,United States of America,1134463
US,United States of America,1372028
HK,Hong Kong,85877
JP,Japan,413594
JP,Japan,1404791
DE,Germany,1232781
IT,Italy,372625
US,United States of America,12155
IN,India,1388451
FR,France,348060
GB,United Kingdom,348060
ID,Indonesia,1306525
GB,United Kingdom,339877
PL,Poland,339877
NL,Netherlands,339877
US,United States of America,667538
US,United States of America,339849
US,United States of America,12219
DK,Denmark,1019835
US,United States of America,28580
JP,Japan,602063
US,United States of America,1290159
FR,France,1257406
NL,Netherlands,1257406
DE,Germany,1257406
LV,Latvia,1257406
RO,Romania,1257406
LT,Lithuania,1257406
UA,Ukraine,1257406
US,United States of America,421818
GB,United Kingdom,12208
US,United States of America,1167307
ZA,South Africa,1167307
HR,Croatia,1019871
SI,Slovenia,1019871
RS,Serbia,1019871
IT,Italy,1019871
LV,Latvia,823219
BE,Belgium,823219
FR,France,823219
IN,India,20453
US,United States of America,102382
HK,Hong Kong,69606
US,United States of America,798645
GB,United Kingdom,798645
US,United States of America,1126336
IE,Ireland,1126336
US,United States of America,937941
BE,Belgium,937941
JP,Japan,1150991
US,United States of America,1249289
JP,Japan,372754
DK,Denmark,1232827
PL,Poland,1232827
SE,Sweden,1232827
BR,Brazil,143373
DE,Germany,36885
BE,Belgium,290829
FR,France,290829
CO,Colombia,954388
US,United States of America,954388
KR,South Korea,938008
GB,United Kingdom,200727
DE,Germany,200727
US,United States of America,307231
KE,Kenya,1355803
JP,Japan,20527
JP,Japan,544810
JP,Japan,20532
JP,Japan,20530
US,United States of America,1208348
GB,United Kingdom,413788
SE,Sweden,413788
EG,Egypt,331877
IT,Italy,1396805
AU,Australia,1151031
US,United States of America,1151031
JP,Japan,315465
FR,France,168055
DE,Germany,1069178
NL,Netherlands,1069178
PS,Palestinian Territory,1069178
GB,United Kingdom,1069178
US,United States of America,12400
CA,Canada,618588
US,United States of America,618588
GB,United Kingdom,12405
IL,Israel,1290377
IT,Italy,1290377
MX,Mexico,1028248
US,United States of America,1028248
JP,Japan,1159311
PS,Palestinian Territory,1069200
QA,Qatar,1069200
GB,United Kingdom,1069200
MX,Mexico,610461
GB,United Kingdom,872585
US,United States of America,872585
CA,Canada,561297
GB,United Kingdom,12445
US,United States of America,12445
US,United States of America,4247
JP,Japan,12429
HK,Hong Kong,45217
US,United States of America,823464
GB,United Kingdom,12444
US,United States of America,12444
IT,Italy,1577132
IT,Italy,495766
JP,Japan,1216668
IT,Italy,12491
JP,Japan,12477
US,United States of America,127139
JP,Japan,864434
IN,India,1413333
DE,Germany,12482
US,United States of America,1200320
AU,Australia,1200320
US,United States of America,45243
IT,Italy,512198
CO,Colombia,1331375
US,United States of America,1331375
AU,Australia,1020094
KR,South Korea,372921
JP,Japan,12493
JP,Japan,12496
GB,United Kingdom,45269
US,United States of America,45269
IN,India,659674
KR,South Korea,1315057
DE,Germany,122977
IT,Italy,122977
GB,United Kingdom,122977
HK,Hong Kong,78069
JP,Japan,20722
US,United States of America,340185
TH,Thailand,1429750
FR,France,1290450
GB,United Kingdom,282848
US,United States of America,12516
JP,Japan,12516
US,United States of America,774370
US,United States of America,1208561
RO,Romania,872666
FR,France,4347
GB,United Kingdom,4347
US,United States of America,4347
MX,Mexico,1356039
FR,France,12548
IT,Italy,12548
US,United States of America,315635
TH,Thailand,1429738
CU,Cuba,389363
FR,France,4348
GB,United Kingdom,4348
US,United States of America,4348
KR,South Korea,258313
US,United States of America,37165
KR,South Korea,397567
IN,India,1380611
DE,Germany,12585
IL,Israel,12585
US,United States of America,1011985
US,United States of America,987400
MX,Mexico,987400
US,United States of America,28971
GB,United Kingdom,28943
TH,Thailand,69960
HK,Hong Kong,37185
FR,France,1569081
US,United States of America,28978
CA,Canada,1053008
US,United States of America,676156
SU,Soviet Union,20803
US,United States of America,831827
MY,Malaysia,1274214
US,United States of America,438631
HK,Hong Kong,45383
US,United States of America,930094
KR,South Korea,94555
CA,Canada,430424
FR,France,430424
KR,South Korea,471413
US,United States of America,381284
US,United States of America,1151334
GB,United Kingdom,1241436
US,United States of America,1241436
PH,Philippines,643442
IT,Italy,643442
SG,Singapore,643442
IN,India,381289
US,United States of America,381289
US,United States of America,37247
FR,France,1352310
US,United States of America,12662
GB,United Kingdom,1511789
US,United States of America,774531
PL,Poland,1192319
IN,India,512387
ID,Indonesia,1339772
JP,Japan,438640
JP,Japan,635302
RO,Romania,1323409
AT,Austria,1323409
CH,Switzerland,1323409
LU,Luxembourg,1323409
BR,Brazil,1323409
GB,United Kingdom,1323409
JP,Japan,438660
US,United States of America,37257
US,United States of America,1175942
HK,Hong Kong,45473
IT,Italy,381341
FR,France,4480
IT,Italy,4480
CH,Switzerland,4480
RU,Russia,1577384
TJ,Tajikistan,1577384
SU,Soviet Union,20873
HK,Hong Kong,307640
IT,Italy,20914
ES,Spain,4497
MX,Mexico,4497
US,United States of America,438695
JP,Japan,1053075
HK,Hong Kong,45502
MY,Malaysia,1405364
JP,Japan,504253
US,United States of America,29154
AE,United Arab Emirates,1446358
CA,Canada,1028556
US,United States of America,1028556
DE,Germany,12761
SE,Sweden,12761
GB,United Kingdom,12761
MX,Mexico,20941
PR,Puerto Rico,20941
US,United States of America,20941
HK,Hong Kong,29148
NL,Netherlands,660001
TW,Taiwan,660001
US,United States of America,537061
US,United States of America,823754
SE,Sweden,1430019
FR,France,4638
GB,United Kingdom,4638
US,United States of America,4638
US,United States of America,61985
AR,Argentina,127435
ES,Spain,127435
FR,France,127435
IT,Italy,127435
NL,Netherlands,127435
KR,South Korea,479718
US,United States of America,299536
CN,China,660002
ES,Spain,61979
US,United States of America,299534
JP,Japan,1462735
US,United States of America,1233413
US,United States of America,21024
US,United States of America,537116
US,United States of America,766507
CH,Switzerland,45601
IT,Italy,45601
GB,United Kingdom,70196
IN,India,1339952
FR,France,758345
US,United States of America,766520
TW,Taiwan,766520
FR,France,1069650
US,United States of America,316029
KR,South Korea,496243
MX,Mexico,29264
JP,Japan,610892
GB,United Kingdom,266856
US,United States of America,266856
FR,France,1233506
BE,Belgium,1233506
JP,Japan,1208930
US,United States of America,406107
SG,Singapore,94859
FR,France,29259
FI,Finland,840326
GB,United Kingdom,840326
US,United States of America,840326
CZ,Czech Republic,1217153
FR,France,21135
IT,Italy,21135
PH,Philippines,1241742
FR,France,1143440
DE,Germany,1143440
US,United States of America,45752
US,United States of America,4808
US,United States of America,1135303
DE,Germany,1356484
TH,Thailand,332506
BG,Bulgaria,348893
US,United States of America,348893
FR,France,1241803
FR,France,234200
GB,United Kingdom,234200
US,United States of America,414419
HK,Hong Kong,299756
US,United States of America,4824
DE,Germany,594634
IN,India,348892
FR,France,357016
ID,Indonesia,1446611
ES,Spain,160478
IN,India,62201
US,United States of America,840430
US,United States of America,1422096
BR,Brazil,1299209
BE,Belgium,570131
FR,France,570131
US,United States of America,13042
US,United States of America,45807
US,United States of America,37659
GB,United Kingdom,119592
TH,Thailand,946942
BR,Brazil,504592
CL,Chile,504592
DK,Denmark,504592
NO,Norway,504592
SE,Sweden,504592
UY,Uruguay,504592
CH,Switzerland,504592
FR,France,504592
IT,Italy,29458
SE,Sweden,29455
ES,Spain,1544991
GB,United Kingdom,971533
US,United States of America,971533
VG,British Virgin Islands,971533
JP,Japan,185138
US,United States of America,1217300
BE,Belgium,1381155
ES,Spain,1381155
FR,France,86837
DE,Germany,86837
AT,Austria,86837
US,United States of America,447273
CN,China,373571
JP,Japan,373571
US,United States of America,373571
IN,India,78651
US,United States of America,545611
US,United States of America,1241921
IE,Ireland,1241921
US,United States of America,791373
JP,Japan,4935
IR,Iran,21334
CN,China,496450
FR,France,496450
CA,Canada,496450
FR,France,119623
DE,Germany,119623
US,United States of America,4951
US,United States of America,1135429
KR,South Korea,340819
GB,United Kingdom,668489
US,United States of America,668489
US,United States of America,1012582
US,United States of America,1086260
CA,Canada,86792
CA,Canada,1241982
US,United States of America,1241982
US,United States of America,1422166
US,United States of America,1241983
MN,Mongolia,1422211
US,United States of America,4995
SU,Soviet Union,168816
FR,France,660334
AR,Argentina,1471345
US,United States of America,13187
US,United States of America,13151
JP,Japan,4977
FR,France,5000
US,United States of America,447362
TH,Thailand,889741
IN,India,37737
CN,China,308117
JP,Japan,144288
ES,Spain,906126
US,United States of America,906126
US,United States of America,447365
US,United States of America,1569691
US,United States of America,693134
US,United States of America,242582
JP,Japan,37797
IN,India,70590
US,United States of America,13223
DE,Germany,13223
AU,Australia,1242011
US,United States of America,1242011
PH,Philippines,1053630
GR,Greece,701387
IE,Ireland,701387
KR,South Korea,701387
US,United States of America,701387
IT,Italy,1291202
FR,France,1291202
JP,Japan,283566
US,United States of America,308143
FR,France,1217484
DE,Germany,324544
CH,Switzerland,324544
US,United States of America,152532
EG,Egypt,1176540
US,United States of America,1160164
HK,Hong Kong,291805
US,United States of America,291805
US,United States of America,152601
US,United States of America,324552
FR,France,5070
IT,Italy,5156
JP,Japan,832516
US,United States of America,463870
PH,Philippines,873502
US,United States of America,455661
RS,Serbia,1496106
US,United States of America,627725
DK,Denmark,1258509
FR,France,1258509
IS,Iceland,1258509
SE,Sweden,1258509
US,United States of America,54320
AU,Australia,799766
GB,United Kingdom,799766
US,United States of America,799766
CN,China,799766
CY,Cyprus,799766
RU,Russia,1446948
TH,Thailand,455714
JP,Japan,1422404
IT,Italy,13386
DK,Denmark,980026
DE,Germany,980026
SE,Sweden,980026
EG,Egypt,939094
GB,United Kingdom,1430593
US,United States of America,13363
EG,Egypt,1086531
JP,Japan,1143875
MX,Mexico,1373276
JP,Japan,13398
JP,Japan,37986
IT,Italy,1397854
IN,India,1152099
BE,Belgium,21596
FR,France,21596
IT,Italy,38004
US,United States of America,37997
IT,Italy,160885
TW,Taiwan,1078374
GB,United Kingdom,46202
US,United States of America,1504382
US,United States of America,29800
FR,France,1266798
BE,Belgium,1266798
US,United States of America,1315986
US,United States of America,5255
US,United States of America,1512581
US,United States of America,29833
US,United States of America,21634
IT,Italy,13461
ES,Spain,13461
KR,South Korea,570503
US,United States of America,29845
FR,France,1266826
US,United States of America,38055
JP,Japan,242828
DE,Germany,152760
US,United States of America,152760
IN,India,1209511
US,United States of America,1160360
AU,Australia,324786
GB,United Kingdom,324786
US,United States of America,324786
CN,China,324786
US,United States of America,1184918
KR,South Korea,488623
US,United States of America,13466
US,United States of America,13494
IT,Italy,152742
IE,Ireland,1299655
US,United States of America,1299655
NG,Nigeria,1250494
CA,Canada,988367
US,United States of America,414906
US,United States of America,513224
JP,Japan,1135806
BE,Belgium,971968
FR,France,971968
US,United States of America,423108
JP,Japan,1135821
RU,Russia,62732
DK,Denmark,103663
SE,Sweden,103663
BE,Belgium,103663
FR,France,103663
US,United States of America,324857
US,United States of America,29897
XC,Czechoslovakia,1234162
JP,Japan,1135842
GB,United Kingdom,1283320
US,United States of America,1283320
JP,Japan,1135889
BE,Belgium,660719
FR,France,660719
GB,United Kingdom,660719
US,United States of America,939243
JP,Japan,939243
US,United States of America,1373445
AE,United Arab Emirates,1373445
ID,Indonesia,1135855
CA,Canada,488659
EG,Egypt,472326
FR,France,21778
JP,Japan,1176848
US,United States of America,1242419
JP,Japan,980275
JP,Japan,783675
JP,Japan,374037
DE,Germany,1316147
GB,United Kingdom,1316147
PH,Philippines,1266990
CH,Switzerland,947520
BE,Belgium,947520
JP,Japan,1520936
DE,Germany,54548
IR,Iran,30017
KR,South Korea,30018
HU,Hungary,300350
AT,Austria,300350
DE,Germany,300350
FR,France,95549
JP,Japan,857410
CL,Chile,800090
ES,Spain,800090
XC,Czechoslovakia,521564
IR,Iran,30020
FR,France,30020
FR,France,1119537
JP,Japan,505192
FR,France,1168719
DE,Germany,1168719
HU,Hungary,1168719
CN,China,1168719
BE,Belgium,1168719
IT,Italy,38251
NL,Netherlands,5497
IT,Italy,1381705
IN,India,1561969
US,United States of America,283995
DE,Germany,497022
IS,Iceland,578894
SE,Sweden,578894
CO,Colombia,644479
EC,Ecuador,644479
US,United States of America,644479
US,United States of America,111983
IT,Italy,38288
US,United States of America,1242501
TR,Turkey,472454
US,United States of America,1562010
FR,France,5511
IT,Italy,5511
FR,France,5544
JP,Japan,5544
IT,Italy,38286
HK,Hong Kong,578963
JP,Japan,505262
US,United States of America,1340828
FR,France,5528
CH,Switzerland,5528
JP,Japan,513434
US,United States of America,1029575
CZ,Czech Republic,947650
HU,Hungary,947650
SK,Slovakia,947650
RU,Russia,38336
FR,France,13737
US,United States of America,1218005
US,United States of America,177572
FR,France,1439177
IN,India,1357259
DO,Dominican Republic,652722
CN,China,447954
HK,Hong Kong,447954
JP,Japan,890322
SU,Soviet Union,38360
JP,Japan,1365474
HK,Hong Kong,406997
US,United States of America,406997
IT,Italy,382443
FR,France,71157
BR,Brazil,398818
FR,France,398818
IT,Italy,398818
US,United States of America,398818
CN,China,980477
US,United States of America,980489
IN,India,1414635
US,United States of America,873967
JM,Jamaica,13830
US,United States of America,13830
JP,Japan,529934
JP,Japan,1250824
PH,Philippines,1037837
ES,Spain,587272
NO,Norway,1455670
IN,India,488968
JP,Japan,652837
FR,France,439874
HK,Hong Kong,325161
RU,Russia,1267224
DE,Germany,603692
US,United States of America,603692
JP,Japan,1103432
BE,Belgium,398924
CA,Canada,398924
CZ,Czech Republic,398924
FR,France,398924
CA,Canada,153104
US,United States of America,153104
BE,Belgium,292431
FR,France,292431
DE,Germany,1455686
IN,India,1455686
US,United States of America,1455686
BE,Belgium,587357
FR,France,587357
NL,Netherlands,587357
KR,South Korea,13855
US,United States of America,13929
BR,Brazil,1283655
US,United States of America,1259102
JP,Japan,579148
MX,Mexico,554590
MX,Mexico,554596
US,United States of America,1275499
US,United States of America,259693
CA,Canada,46738
FR,France,46738
CA,Canada,1087092
US,United States of America,1087092
US,United States of America,210577
US,United States of America,120467
DE,Germany,120467
FR,France,382591
GB,United Kingdom,382591
US,United States of America,1119878
US,United States of America,1226406
JP,Japan,1226406
IN,India,5801
DE,Germany,423612
SE,Sweden,890545
DE,Germany,1300116
GB,United Kingdom,374473
FR,France,374473
BE,Belgium,374473
FR,France,1365683
IT,Italy,1365683
BR,Brazil,54989
CN,China,1193640
BD,Bangladesh,1267386
CN,China,620249
US,United States of America,284374
BR,Brazil,726684
CA,Canada,726684
CN,China,726684
FR,France,726684
KR,South Korea,726684
GB,United Kingdom,726684
JP,Japan,104125
BE,Belgium,579245
FR,France,579245
HU,Hungary,46772
IE,Ireland,792307
GB,United Kingdom,792307
US,United States of America,792307
FR,France,1480382
TN,Tunisia,1480382
US,United States of America,1480382
GB,United Kingdom,1480382
CY,Cyprus,1480382
SA,Saudi Arabia,1480382
IT,Italy,1480382
NL,Netherlands,1480382
HK,Hong Kong,734910
US,United States of America,1087192
JP,Japan,382667
JP,Japan,14069
US,United States of America,399106
EG,Egypt,440066
IT,Italy,46853
DE,Germany,46853
HK,Hong Kong,79577
GB,United Kingdom,726759
IN,India,1259200
RU,Russia,1259200
US,United States of America,1242898
IT,Italy,538362
JP,Japan,177945
US,United States of America,546554
JP,Japan,5890
KR,South Korea,554776
CA,Canada,857850
US,United States of America,5915
TH,Thailand,1103621
US,United States of America,1545997
CA,Canada,1545997
US,United States of America,5924
US,United States of America,1505013
US,United States of America,227081
JP,Japan,5910
JP,Japan,440030
KR,South Korea,1160984
US,United States of America,1062722
CA,Canada,1062722
US,United States of America,677638
SE,Sweden,5961
DE,Germany,5961
FR,France,5961
US,United States of America,1234731
EG,Egypt,440070
US,United States of America,276305
US,United States of America,1005331
ID,Indonesia,259904
US,United States of America,399174
DE,Germany,399174
HK,Hong Kong,530254
KR,South Korea,530254
PT,Portugal,55107
FR,France,55107
US,United States of America,5925
US,United States of America,14161
US,United States of America,169813
CN,China,46962
JP,Japan,14132
FR,France,63319
US,United States of America,1554297
CA,Canada,71509
JP,Japan,1546071
BE,Belgium,1292123
DK,Denmark,1292123
MK,Macedonia,1292123
SE,Sweden,1292123
US,United States of America,71552
DE,Germany,5991
GB,United Kingdom,882569
US,United States of America,882569
FI,Finland,726888
FR,France,726888
DE,Germany,726888
HK,Hong Kong,284552
SE,Sweden,46994
JP,Japan,317266
BE,Belgium,259929
JP,Japan,47002
US,United States of America,38757
FR,France,366514
HK,Hong Kong,251756
US,United States of America,1234821
HK,Hong Kong,63415
IN,India,1423251
US,United States of America,6075
US,United States of America,137113
US,United States of America,30588
FR,France,47039
DE,Germany,47039
NL,Netherlands,47039
PT,Portugal,47039
US,United States of America,14160
GB,United Kingdom,858024
US,United States of America,858024
CN,China,735168
CZ,Czech Republic,735168
HK,Hong Kong,735168
US,United States of America,604079
US,United States of America,268171
US,United States of America,1497017
CA,Canada,1415117
US,United States of America,1415117
JP,Japan,30606
PL,Poland,145341
IT,Italy,96167
DE,Germany,948182
EE,Estonia,227261
JP,Japan,169950
FR,France,1071064
US,United States of America,489412
FR,France,22504
JP,Japan,997317
IE,Ireland,1497036
BE,Belgium,137182
NL,Netherlands,137182
HK,Hong Kong,79865
CN,China,1382406
US,United States of America,653346
DK,Denmark,1284120
NO,Norway,1284120
PL,Poland,1284120
SE,Sweden,1284120
US,United States of America,522212
JP,Japan,14282
ID,Indonesia,579599
US,United States of America,22596
FR,France,661568
TR,Turkey,1316954
US,United States of America,120831
NL,Netherlands,1464323
BE,Belgium,1464323
AU,Australia,505953
EG,Egypt,612376
GB,United Kingdom,1505267
HK,Hong Kong,79871
XG,East Germany,260138
ES,Spain,325685
FR,France,989238
BE,Belgium,14400
FR,France,14400
HK,Hong Kong,14400
US,United States of America,1038392
IN,India,1235057
JP,Japan,776305
US,United States of America,841755
EG,Egypt,333955
GB,United Kingdom,628847
US,United States of America,628847
GB,United Kingdom,866398
US,United States of America,866398
BR,Brazil,620683
CA,Canada,14452
US,United States of America,14452
US,United States of America,14438
US,United States of America,784524
DE,Germany,1210512
US,United States of America,1054867
JP,Japan,153766
SK,Slovakia,1357943
EG,Egypt,137369
US,United States of America,522402
IN,India,522402
FR,France,63682
RO,Romania,1185954
BR,Brazil,194728
PH,Philippines,1308821
US,United States of America,1218762
GB,United Kingdom,1218762
JP,Japan,1120446
DE,Germany,227483
NL,Netherlands,227483
TH,Thailand,407733
US,United States of America,1136867
FI,Finland,1136867
US,United States of America,22683
GB,United Kingdom,14574
US,United States of America,14574
DE,Germany,415914
US,United States of America,981227
GB,United Kingdom,1267905
US,United States of America,1267905
FR,France,260346
US,United States of America,260346
ES,Spain,260346
JP,Japan,14537
IR,Iran,1456349
FR,France,1456349
LU,Luxembourg,1456349
GB,United Kingdom,39176
US,United States of America,39176
JP,Japan,30959
CN,China,1128650
HK,Hong Kong,1128650
DK,Denmark,1317159
US,United States of America,14580
US,United States of America,1177865
RU,Russia,1538312
KR,South Korea,817485
CN,China,522518
IN,India,522518
US,United States of America,522518
JP,Japan,22843
BE,Belgium,31011
CA,Canada,31011
FR,France,31011
DE,Germany,31011
ID,Indonesia,1538383
JP,Japan,1538343
FR,France,776503
US,United States of America,776503
PL,Poland,31056
US,United States of America,14635
EG,Egypt,514378
US,United States of America,547116
US,United States of America,424284
TH,Thailand,129344
US,United States of America,776523
JP,Japan,1218925
CA,Canada,1309012
IE,Ireland,1309012
DE,Germany,1309012
US,United States of America,1309012
FR,France,1210732
US,United States of America,22881
IN,India,579974
NL,Netherlands,244063
US,United States of America,514439
US,United States of America,285020
US,United States of America,1161617
US,United States of America,1251717
GB,United Kingdom,522627
US,United States of America,522627
FR,France,55679
IT,Italy,55679
BE,Belgium,489836
NL,Netherlands,489836
JP,Japan,39324
JP,Japan,14696
US,United States of America,1087891
FR,France,63888
GB,United Kingdom,63888
CN,China,14756
HK,Hong Kong,14756
US,United States of America,1317288
FI,Finland,1317288
EG,Egypt,334250
US,United States of America,522681
US,United States of America,260513
US,United States of America,309666
US,United States of America,588228
US,United States of America,293299
KR,South Korea,170435
IT,Italy,80292
FR,France,80292
LK,Sri Lanka,1104315
LB,Lebanon,334273
GB,United Kingdom,22985
IN,India,317904
US,United States of America,547265
BR,Brazil,203217
ES,Spain,1440185
GB,United Kingdom,96721
US,United States of America,96721
US,United States of America,14784
US,United States of America,14811
US,United States of America,342470
KR,South Korea,1104331
US,United States of America,1374686
IE,Ireland,1374686
DK,Denmark,498162
HK,Hong Kong,948694
JP,Japan,547274
IN,India,530915
ES,Spain,530915
GB,United Kingdom,530915
US,United States of America,530915
JP,Japan,31217
US,United States of America,14836
ID,Indonesia,1325541
IN,India,1112564
CN,China,1300945
US,United States of America,1071585
GB,United Kingdom,72190
US,United States of America,72190
US,United States of America,940551
US,United States of America,14813
HK,Hong Kong,1071646
CN,China,1071646
US,United States of America,178682
HU,Hungary,1554946
NL,Netherlands,1546795
US,United States of America,47653
FR,France,399875
HU,Hungary,399875
US,United States of America,555604
FR,France,55823
IT,Italy,55823
GB,United Kingdom,965150
US,United States of America,965150
US,United States of America,760329
US,United States of America,6715
JP,Japan,383527
TW,Taiwan,424479
IT,Italy,1563190
FR,France,1563190
FR,France,498249
US,United States of America,858714
IT,Italy,473753
US,United States of America,473753
CH,Switzerland,473753
US,United States of America,645710
US,United States of America,678512
BR,Brazil,227932
FR,France,23160
DE,Germany,23160
HU,Hungary,23160
US,United States of America,1546895
DK,Denmark,580175
NL,Netherlands,580175
SE,Sweden,580175
JP,Japan,55931
US,United States of America,55931
KR,South Korea,55931
IT,Italy,1243800
DE,Germany,1243800
IN,India,1219158
US,United States of America,490132
US,United States of America,948829
IT,Italy,55960
TW,Taiwan,1088140
US,United States of America,522924
JP,Japan,547500
US,United States of America,449176
CN,China,1481390
HK,Hong Kong,187046
US,United States of America,1088166
GB,United Kingdom,1088166
US,United States of America,1153714
SE,Sweden,1202863
US,United States of America,785084
MX,Mexico,678580
GB,United Kingdom,744114
US,United States of America,744114
IT,Italy,105146
US,United States of America,31411
JP,Japan,940721
CA,Canada,957119
US,United States of America,6844
RU,Russia,768702
IT,Italy,47796
JP,Japan,1481412
KR,South Korea,760517
US,United States of America,334533
CA,Canada,1399488
EG,Egypt,408261
CA,Canada,1440456
GB,United Kingdom,891584
US,United States of America,891584
SE,Sweden,891584
TR,Turkey,1522377
IT,Italy,613080
FR,France,64225
GB,United Kingdom,277216
US,United States of America,277216
US,United States of America,506574
JP,Japan,727782
ES,Spain,613090
DE,Germany,441062
XG,East Germany,441062
US,United States of America,23282
CN,China,31439
HK,Hong Kong,31439
AU,Australia,334543
GB,United Kingdom,334543
US,United States of America,334543
SU,Soviet Union,31442
IT,Italy,359156
US,United States of America,1186532
GB,United Kingdom,424694
US,United States of America,424694
HK,Hong Kong,162568
GB,United Kingdom,637649
US,United States of America,637649
JP,Japan,596727
US,United States of America,1137423
JP,Japan,572154
MX,Mexico,301845
ES,Spain,301845
JP,Japan,916224
US,United States of America,375580
US,United States of America,604927
US,United States of America,15121
DE,Germany,1235746
US,United States of America,1235746
IT,Italy,817959
US,United States of America,138012
KR,South Korea,793387
US,United States of America,293660
IN,India,1415974
US,United States of America,367412
US,United States of America,629542
FR,France,441130
IE,Ireland,441130
LU,Luxembourg,441130
US,United States of America,441130
CN,China,441130
IT,Italy,1317672
US,United States of America,1317672
US,United States of America,228150
TH,Thailand,1522496
BR,Brazil,47931
US,United States of America,1022787
US,United States of America,146233
FR,France,64340
US,United States of America,277355
IT,Italy,482134
DE,Germany,1457025
IT,Italy,1457025
AT,Austria,1457025
JP,Japan,39793
US,United States of America,6977
US,United States of America,1022789
US,United States of America,80708
EG,Egypt,1481579
US,United States of America,539517
US,United States of America,269149
CA,Canada,1244039
US,United States of America,228205
US,United States of America,15251
CN,China,1497970
DK,Denmark,48035
JP,Japan,301969
FR,France,1096638
BE,Belgium,1096638
JP,Japan,301971
IT,Italy,56231
IR,Iran,678856
TR,Turkey,678856
US,United States of America,580489
FR,France,15265
IT,Italy,105386
FR,France,15244
US,United States of America,48038
IE,Ireland,793511
NZ,New Zealand,515001
US,United States of America,515001
US,United States of America,342987
GB,United Kingdom,1555358
ES,Spain,1358748
AU,Australia,760774
GB,United Kingdom,760774
TR,Turkey,637920
ES,Spain,1252309
HK,Hong Kong,531390
HK,Hong Kong,187355
KR,South Korea,1194963
MX,Mexico,375794
DE,Germany,375794
US,United States of America,375794
FR,France,261066
MX,Mexico,654299
US,United States of America,654299
DE,Germany,39916
IT,Italy,39916
FR,France,531428
HK,Hong Kong,261124
US,United States of America,1293286
GB,United Kingdom,1293286
US,United States of America,408567
US,United States of America,211954
MX,Mexico,211954
JP,Japan,556024
GR,Greece,48117
DE,Germany,1178602
KR,South Korea,793605
IN,India,1317896
HK,Hong Kong,187401
KR,South Korea,1326090
ID,Indonesia,1268749
GB,United Kingdom,482321
US,United States of America,482321
FR,France,15383
IT,Italy,15383
JP,Japan,1326106
FR,France,1309725
BE,Belgium,1309725
JP,Japan,56362
SK,Slovakia,138289
CZ,Czech Republic,138289
DE,Germany,121883
AT,Austria,121883
JP,Japan,605231
GB,United Kingdom,171045
AT,Austria,80952
DE,Germany,80952
US,United States of America,244786
US,United States of America,48186
CA,Canada,48186
JP,Japan,1539104
CA,Canada,842795
US,United States of America,842795
IT,Italy,56379
US,United States of America,1236089
JP,Japan,334921
US,United States of America,801937
CA,Canada,801937
FR,France,801937
FR,France,15435
CA,Canada,285851
US,United States of America,1211442
GB,United Kingdom,1211442
CH,Switzerland,253029
AT,Austria,728118
BA,Bosnia and Herzegovina,728118
FR,France,728118
DE,Germany,728118
NL,Netherlands,728118
NO,Norway,728118
PL,Poland,728118
RO,Romania,728118
TR,Turkey,728118
KR,South Korea,1154154
JP,Japan,597094
GB,United Kingdom,597094
DE,Germany,48256
CN,China,605320
FR,France,605320
JP,Japan,1514614
US,United States of America,7345
JP,Japan,1408208
TW,Taiwan,1006763
ZA,South Africa,1572017
US,United States of America,113833
TR,Turkey,785534
BR,Brazil,40096
PH,Philippines,1580234
US,United States of America,949423
US,United States of America,507086
US,United States of America,842924
GB,United Kingdom,425148
US,United States of America,425148
US,United States of America,507089
FR,France,1465560
HK,Hong Kong,105680
IT,Italy,105667
BR,Brazil,7347
MX,Mexico,269579
US,United States of America,761053
JP,Japan,1400032
US,United States of America,474350
CZ,Czech Republic,425247
HR,Croatia,425247
SI,Slovenia,425247
JP,Japan,408866
US,United States of America,974036
HK,Hong Kong,457970
US,United States of America,400608
PR,Puerto Rico,892120
US,United States of America,1064213
FR,France,23832
IT,Italy,23832
FR,France,531740
US,United States of America,7451
KR,South Korea,146724
RU,Russia,1260854
JP,Japan,1318198
KR,South Korea,482600
BR,Brazil,310569
CA,Canada,597316
IE,Ireland,597316
KR,South Korea,40211
US,United States of America,359724
JP,Japan,1244492
FR,France,1088851
ES,Spain,1088851
TW,Taiwan,597295
CN,China,597295
US,United States of America,425274
US,United States of America,1572156
US,United States of America,539972
AR,Argentina,1301844
US,United States of America,1301844
US,United States of America,1564001
IE,Ireland,359784
CA,Canada,359784
IN,India,7508
US,United States of America,32085
CN,China,466272
GB,United Kingdom,466272
US,United States of America,466272
US,United States of America,785752
US,United States of America,1563996
US,United States of America,7485
US,United States of America,1211776
RU,Russia,875896
CS,Serbia and Montenegro,89453
US,United States of America,89453
FR,France,89453
IT,Italy,89453
US,United States of America,507244
US,United States of America,1465731
GB,United Kingdom,507250
HK,Hong Kong,638348
TW,Taiwan,638348
IN,India,48534
JP,Japan,56661
NO,Norway,1064307
AU,Australia,1244531
CN,China,417114
XC,Czechoslovakia,286131
US,United States of America,15794
US,United States of America,89535
FR,France,933260
GB,United Kingdom,933260
US,United States of America,933260
EG,Egypt,531851
GB,United Kingdom,114104
IN,India,245148
HK,Hong Kong,269736
ES,Spain,261470
JP,Japan,843241
DE,Germany,695721
US,United States of America,695721
IT,Italy,23990
RU,Russia,556485
TW,Taiwan,15804
ES,Spain,818648
EG,Egypt,1318359
US,United States of America,1236470
US,United States of America,1228246
KR,South Korea,15859
US,United States of America,376228
JP,Japan,753085
US,United States of America,523781
BR,Brazil,613868
US,United States of America,1367575
CA,Canada,744940
IN,India,1433112
US,United States of America,458220
LU,Luxembourg,458220
GB,United Kingdom,400928
US,United States of America,400928
US,United States of America,605722
IN,India,605722
US,United States of America,417261
AU,Australia,1064486
PL,Poland,1072699
DE,Germany,384509
HK,Hong Kong,155114
KR,South Korea,589309
GB,United Kingdom,359940
US,United States of America,359940
US,United States of America,638507
HU,Hungary,81401
CH,Switzerland,81401
FR,France,81401
DE,Germany,81401
UA,Ukraine,966220
BR,Brazil,1416814
KR,South Korea,81481
US,United States of America,81467
FR,France,564836
FR,France,24167
IT,Italy,24167
GB,United Kingdom,138832
US,United States of America,138832
GB,United Kingdom,1195631
IT,Italy,1195631
BE,Belgium,458302
FR,France,458302
US,United States of America,286217
NL,Netherlands,1556116
US,United States of America,1465986
JP,Japan,15916
JP,Japan,532067
PH,Philippines,491094
TW,Taiwan,728669
AU,Australia,24238
US,United States of America,900786
KR,South Korea,1400501
IT,Italy,24160
US,United States of America,753342
BR,Brazil,548544
DE,Germany,548544
FR,France,999075
US,United States of America,999075
GB,United Kingdom,999075
TW,Taiwan,999075
IT,Italy,24188
US,United States of America,1547929
IT,Italy,7857
FR,France,7857
JP,Japan,15999
US,United States of America,16052
KR,South Korea,269955
DE,Germany,335578
DK,Denmark,335578
KR,South Korea,851644
JP,Japan,810693
US,United States of America,1425122
US,United States of America,286407
JP,Japan,1154800
US,United States of America,40619
US,United States of America,40662
FR,France,65296
FR,France,32480
IT,Italy,32480
MX,Mexico,573171
MX,Mexico,573164
HK,Hong Kong,171816
DE,Germany,81591
US,United States of America,1130276
FR,France,48831
US,United States of America,605928
FR,France,712454
LU,Luxembourg,712454
JP,Japan,40701
FR,France,1376046
PL,Poland,1376046
KR,South Korea,1466120
FR,France,1318710
JP,Japan,1359607
MX,Mexico,1548092
US,United States of America,1441563
SE,Sweden,24393
JP,Japan,1031964
US,United States of America,778027
IT,Italy,24382
JP,Japan,73517
US,United States of America,630566
US,United States of America,16237
MX,Mexico,163661
MX,Mexico,32579
US,United States of America,32579
FR,France,32579
KR,South Korea,302945
BE,Belgium,958244
FR,France,958244
JP,Japan,819059
NZ,New Zealand,57158
US,United States of America,57158
US,United States of America,1212271
US,United States of America,1515340
GB,United Kingdom,7984
IE,Ireland,7984
US,United States of America,7984
US,United States of America,49013
US,United States of America,24428
JP,Japan,1449868
FR,France,1449868
LU,Luxembourg,1449868
BE,Belgium,1449868
MY,Malaysia,434073
HK,Hong Kong,434073
FR,France,8016
DE,Germany,8016
IT,Italy,8016
DE,Germany,1269644
JP,Japan,188273
KR,South Korea,581528
AU,Australia,974663
FR,France,974663
ES,Spain,974663
ES,Spain,1294203
GB,United Kingdom,1294203
US,United States of America,1294203
GB,United Kingdom,49026
US,United States of America,49026
DE,Germany,49046
BR,Brazil,229280
NO,Norway,1228685
SE,Sweden,450429
DK,Denmark,450429
NZ,New Zealand,49051
US,United States of America,49051
IN,India,122783
KR,South Korea,286687
XC,Czechoslovakia,16306
FR,France,16306
US,United States of America,24480
US,United States of America,73723
MK,Macedonia,1400743
CZ,Czech Republic,1400743
RS,Serbia,1400743
HR,Croatia,1400743
US,United States of America,556984
FR,France,1261504
MW,Malawi,491480
GB,United Kingdom,491480
US,United States of America,491480
ES,Spain,663508
US,United States of America,1073079
FR,France,106471
US,United States of America,1400776
NO,Norway,1400776
US,United States of America,1400784
BR,Brazil,1220564
FR,France,1220564
DE,Germany,1220564
NL,Netherlands,1220564
MX,Mexico,180147
CN,China,1269732
